<?xml version="1.0" encoding="utf-8"?>
<ShaderCollection xmlns:xsi="http://www.w3.org/2001/XMLSchema-instance" xmlns:xsd="http://www.w3.org/2001/XMLSchema">
  <ShaderPrograms>
    <ShaderProgram>
      <Name>texturedquad</Name>
      <Shaders>
        <Shader Type="VertexShader" Path="../../Assets/Shaders/texturedquad.vert" />
        <Shader Type="FragmentShader" Path="../../Assets/Shaders/texturedquad.frag" />
      </Shaders>
    </ShaderProgram>
	<ShaderProgram>
      <Name>simplemodel</Name>
      <Shaders>
        <Shader Type="VertexShader" Path="../../Assets/Shaders/simplemodel.vert" />
        <Shader Type="FragmentShader" Path="../../Assets/Shaders/simplemodel.frag" />
      </Shaders>
    </ShaderProgram>
	<ShaderProgram>
      <Name>uniformexamplemodel</Name>
      <Shaders>
        <Shader Type="VertexShader" Path="../../Assets/Shaders/uniformexamplemodel.vert" />
        <Shader Type="FragmentShader" Path="../../Assets/Shaders/simplemodel.frag" />
      </Shaders>
    </ShaderProgram>
	<ShaderProgram>
      <Name>transparentmodel</Name>
      <Shaders>
        <Shader Type="VertexShader" Path="../../Assets/Shaders/simplemodel.vert" />
        <Shader Type="FragmentShader" Path="../../Assets/Shaders/transparentmodel.frag" />
      </Shaders>
    </ShaderProgram>
    <ShaderProgram>
      <Name>hellotriangle</Name>
      <Shaders>
        <Shader Type="VertexShader" Path="../../Assets/Shaders/hellotriangle.vert" />
        <Shader Type="FragmentShader" Path="../../Assets/Shaders/hellotriangle.frag" />
      </Shaders>
    </ShaderProgram>
    <ShaderProgram>
      <Name>sprite.shader</Name>
      <Shaders>
        <Shader Type="VertexShader" Path="../../Assets/Shaders/sprite.vert" />
        <Shader Type="FragmentShader" Path="../../Assets/Shaders/sprite.frag" />
      </Shaders>
    </ShaderProgram>
  </ShaderPrograms>
</ShaderCollection>